"","mousename","mouseprice","mouseratings","mousereview"
"1","Macally USB Wired Mouse for Mac or PC - Comfortable, Smooth, and Quiet - White USB Mouse Wired with 5ft Cable and 4 DPI - Plug and Play Corded Computer Mouse for Laptop or Office Desktop - White","$7.27","4.5 out of 5 stars","344"
"2","TECKNET Wireless Mouse, 2.4G Ergonomic Optical Mouse, Computer Mouse for Laptop, PC, Computer, Chromebook, Notebook, 6 Buttons, 24 Months Battery Life","$19.99","4.5 out of 5 stars","66,171"
"3","SM600 White Wireless Gaming Mouse Bluetooth Mouse with Honeycomb Shell, Side Buttons,Tri-Modes(BT5.1+BT5.1+2.4GHz) RGB Wireless Mouse for PC/Tablet/Desktop/Office/Games","$29.99","4.3 out of 5 stars","827"
"4","RaceGT Type C Wireless Computer Mouse, 2.4G Silent Cordless Mouse for Laptop, USB C Mouse with 6 Buttons and 3 Adjustable DPI for Laptop, Deskbtop, MacBook, PC","$13.38","4.3 out of 5 stars","3,298"
"5","INPHIC Wireless Mouse 700mAh Large Ergonomic Rechargeable 2.4G Optical PC Laptop Cordless Mice with USB Nano Receiver, for Windows Computer Office, Black","$14.99","4.5 out of 5 stars","27,763"
"6","DIERYA M1SE Wired Gaming Mouse with Honeycomb Shell, 12800DPI Optical Sensor, 6 Programmable Macros, Software Support for Custom Key Config, and RGB Settings for Windows 7/8/10/XP, Vista, Linux-White","$10.21","4.4 out of 5 stars","766"
"7","Bluetooth Wireless Mouse - (BT1/BT2+USB) Tri-Mode High Performance, Rechargeable, Quiet Click, Multi-Device Compatibility for Laptop, Computer, MacBook, Tablet, PC (Black)","$8.99","4.3 out of 5 stars","705"
"8","VersionTECH. Wireless Gaming Mouse, Rechargeable Computer Mouse Mice with Colorful LED Lights, Silent Click, 2.4G USB Nano Receiver, 3 Level DPI for PC Gamer Laptop Desktop Chromebook Mac-Black","$19.99","4.6 out of 5 stars","4,862"
"9","Logitech Signature M650 L Left Wireless Mouse - For Large Sized Left Hands, 2-Year Battery, Silent Clicks, Customizable Side Buttons, Bluetooth, for PC/Mac/Multi-Device/Chromebook - Graphite","$10.99","4.5 out of 5 stars","9,342"
"10","ROCCAT Kone XP Air – Wireless Customizable Ergonomic RGB Gaming Mouse, 19K DPI Optical Sensor, 100-hour Battery & Charging Dock, 29 Programmable Inputs & AIMO RGB Lighting, 4D Wheel – White","$19.99","4.4 out of 5 stars","791"
"11","memzuoix 2.4G Wireless Mouse, 1200 DPI Mobile Optical Cordless Mouse with USB Receiver, Portable Computer Mice for Laptop, PC, Desktop, MacBook, 5 Buttons, Red","$29.99","4.5 out of 5 stars","15,378"
"12","OKIMO Wireless Mouse for Laptop Computer Mouse with USB Receiver 2.4GHz Optical Tracking Computer Mouse Ergonomic Portable Mouse for PC Laptop (Mint)","$9.99","4.5 out of 5 stars","3,792"
"13","Ergonomic Mouse Wireless,Rechargeable Vertical Mouse Right Handed Small Mouse with 6 Buttons 3 Adjustable 1000/1200/1600 DPI for Laptop,Desktop,PC, MacBook（Purple","$11.99","4.4 out of 5 stars","2,235"
"14","DeLUX Seeker Wireless Ergonomic Vertical Mouse with OLED Screen, BT and USB Receiver, Connect with Up to 4 Devices, Thumb Wheel, 4000DPI, Programmable Rechargeable Silent Mouse(M618XSD-Black)","$7.27","4.4 out of 5 stars","770"
"15","Redragon M711 Cobra RGB Optical Gaming Mouse Black","$12.40","4.6 out of 5 stars","5,883"
"16","Razer Cobra Gaming Mouse: 58g, Gen-3 Optical Switches, Chroma RGB Lighting, 8500 DPI Sensor, PTFE Feet, Speedflex Cable - Black","$24.24","4.5 out of 5 stars","342"
"17","Nulea Wireless Ergonomic Trackball Mouse, Rechargeable, Bluetooth, 44mm Index Finger Trackball, 5 Adjustable DPI, Compatible with PC, Laptop, iPad, Mac, Windows, Android","$29.99",NA,"982"
"18","UHURU Wireless Gaming Mouse Up to 10000 DPI, Rechargeable USB Wireless Mouse with 6 Buttons 7 Dynamic LED Color Ergonomic Programmable MMO RPG for PC Laptop, Compatible with Windows Mac","$9.99",NA,"10,632"
"19","Dell Bluetooth Travel Mouse, Black, 56.9g","$9.98",NA,"62"
"20","Logitech MX Master 3S - Wireless Performance Mouse with Ultra-Fast Scrolling, Ergo, 8K DPI, Track on Glass, Quiet Clicks, USB-C, Bluetooth, Windows, Linux, Chrome (Black)","$12.99",NA,"174"
