"","subsetwatchnames","subsewatchprices","subsetwatchmix","subsetwatchrev"
"1","ENOMIR Smart watch for Women Men with Bluetooth Call,Smartwatch with Alexa Built-in,Heart Rate SpO2 Sleep Monitor,5ATM Waterproof,Step Calorie Activity Trackers and Smartwatches for iOS&Android Phones  ","$59.99","4.1 out of 5 stars","1,136"
"2","SKG Smart Watch for Men Women Android iPhone with Alexa Built-in & Bluetooth Call(Answer/Make Call) 1.69"" Fitness Tracker with IP68 Waterproof, 60+ Sports, Heart Rate SpO2 Monitor, V7 Pro  ","$79.99","3.9 out of 5 stars","3,349"
"3","Smart Watch for Men Women, 2.01"" Upgraded Fitness Tracker Watch w/Text and Call, Heart Rate SpO2 Sleep Monitor 100+ Sport Modes IP68 Waterproof Smartwatches for Android iPhone Phones, Black  ","$79.59","3.4 out of 5 stars","3"
"4","Bluetooth Military Smart Watch for Men Fitness: (Make/Answer Call) for Android iPhone Phones Waterproof Outdoor Tactical Digital Sport Run Watches Tracker Sleep Heart Rate Monitor  ","$99.99","4.0 out of 5 stars","450"
"5","Casio Classic F91W Series Quartz Watch | Water Resistant |1/100 Second Stopwatch | Daily Alarm | Hourly Time Signal |Auto Calendar |SS Caseback |12/24-Hour Format  ","$25.99","4.6 out of 5 stars","50,100"
"6","Timex Men's Expedition Scout 40mm Watch  ","$54.99","4.4 out of 5 stars","22,174"
"7","Armitron Sport Women's 45/7012 Digital Chronograph Resin Strap Watch  ","$16.86","4.2 out of 5 stars","17,484"
"8","Casio Men's A158WA-1DF Stainless Steel Digital Watch  ","$22.95","4.6 out of 5 stars","39,361"
"9","Casio Unisex F-108WH-1ACF Big Square Digital Display Quartz Black Watch  ","$43.40","4.6 out of 5 stars","20,670"
"10","SAMSUNG Galaxy Watch 6 40mm Bluetooth Smartwatch, Fitness Tracker, Personalized HR Zones, Advanced Sleep Coaching, Heart Monitor, BIA Sensor for Health Wellness Insights, Big Screen, US Version, Gold  ","$62.00","4.5 out of 5 stars","2,210"
"11","Smart Watch for Women Men (Answer/Make Calls), 1.9"" Smartwatch Fitness Tracker for Android iPhone, Waterproof Sport Digital Watches, Blood Pressure Heart Rate Monitor Step Counter Sleep Tracker-Pink  ","$12.99","3.9 out of 5 stars","475"
"12","Smart Watch for Men and Women - Alexa Built-in Smartwatch with Heart Rate, Sleep and Blood Oxygen Monitor,24/7 Heart Rate Auto Image Correction, Portable Smartwatch Dynaudio Speakers (Black)  ","$18.75","4.3 out of 5 stars","408"
"13","Smart Watches for Women, 2024 Smart Watch Android iOS Phone Compatible, Phone Call, Accept Message, Alexa, Sleep Tracker, Health Monitor, 110 Dials, Fitness Tracker with 120 Sports Modes, 1.8 Inches  ","$20.48","4.2 out of 5 stars","232"
"14","Smart Watch for Women - 1.8"" Full Touch HD Screen, 24-Hour Heart Rate, Blood Oxygen, Sleep Monitor, Alexa Built-in, IP68 Waterproof, 100 Sports Modes, Unisex  ","$22.95","4.1 out of 5 stars","5,056"
"15","Casio Men's MQ24-7B2 Analog Watch with Black Resin Band  ","$16.88","4.4 out of 5 stars","7,734"
"16","Apple Watch SE (2nd Gen) [GPS 40mm] Smartwatch with Midnight Aluminum Case with Midnight Sport Band S/M. Fitness & Sleep Tracker, Crash Detection, Heart Rate Monitor  ","$22.95","4.6 out of 5 stars","5,804"
"17","Garmin Instinct, Rugged Outdoor Watch with GPS, Features Glonass and Galileo, Heart Rate Monitoring and 3-Axis Compass, Graphite  ","$294.00","4.7 out of 5 stars","23,988"
"18","Nine West Women's Crystal Accented Bracelet Watch  ","$29.99","4.5 out of 5 stars","8,960"
"19","Kids Watches Digital Sport Watch for Girls Boys, Fitness Tracker with Alarm Clock, Stopwatch, No App Waterproof Watches for Teens Students Ages 5-12  ","$39.99","3.8 out of 5 stars","1,962"
"20","1.43'' AMOLED Military Smart Watches for Men, 5ATM Waterproof/460mAh/126 Sports Modes Fitness Tracker Heart Rate Blood Pressure SpO2 Monitor Tactical Smart Watches Android iOS  ","$48.98","4.2 out of 5 stars","157"
"21","Smart Watch for Men Women(Answer/Make Call),1.83"" Fitness Tracker with Blood Pressure Heart Rate Monitor,Sleep Tracker,Pedometer,123 Sport Modes, IP68 Waterproof Smartwatches for iPhone&Android  ","$49.99","4.3 out of 5 stars","85"
"22","Kids Led Pedometer Watch, Digital Steps Tracker, Non-Bluetooth, Vibrating Alarm Clock, Stopwatch, Great Gift for Children Teens Girls Boys  ","$16.19","3.9 out of 5 stars","208"
"23","Casio Illuminator AE1500WH Series | 10-Year Battery | LED Backlight | 5-Alarms | 1/100 Sec Stopwatch | Men's Digital Watch  ","$22.95","4.6 out of 5 stars","14,922"
"24","Anne Klein Women's Leather Strap Watch  ","$169.20","4.5 out of 5 stars","7,496"
"25","Casio Men's AE1200WH-1A Black Analog Digital Multi-Function Watch  ","$249.99","4.7 out of 5 stars","19,545"
"26","Garmin v√≠voactive 5, Health and Fitness GPS Smartwatch, AMOLED Display, Up to 11 Days of Battery, Black  ","$17.63","4.4 out of 5 stars","774"
"27","Boys Watch Digital Sports Waterproof Outdoor Kids Watches Alarm Clock 12/24 H Stopwatch Calendar 3-15 Year Old Boys Girls Wristwatch  ","$36.75","4.4 out of 5 stars","1,556"
"28","BUREI Men's Wrist Watches, Analog Stainless Steel Quartz Waterproof Watches for Men,Valentines Day Gifts for Men  ","$20.48","4.4 out of 5 stars","612"
"29","Men's Military Digital Watch Sports Outdoor Waterproof Watches with Date Multi Function Tactics LED Alarm Stopwatch Analog Watches  ","$24.75","4.2 out of 5 stars","4,317"
"30","BUREI Mens Analog Digital Sport Watches with Alarm Stopwatch LED Backlight and Rubber Strap  ","$69.99","4.2 out of 5 stars","1,745"
"31","Redhai Automatic Mechanical Watch Skeleton Stainless 50M Waterproof Anti Shock Casual Diver Men Wrist Watch Sterling Watches Chronograph Analog Business Casual Fashion Adjustable Silicone Band  ","$49.99","4.5 out of 5 stars","327"
"32","Armitron Sport Unisex Digital Chronograph Nylon Strap Watch, 45/7004  ","$78.99","4.6 out of 5 stars","3,464"
"33","Casio Men's Classic Dive Style Watch, 200 M WR, Screw Down Crown and Case Back, MDV106 Series  ","$16.99","4.7 out of 5 stars","28,427"
"34","Amazon Essentials Men's Easy to Read Strap Watch  ","$21.92","4.4 out of 5 stars","4,564"
"35","Timex Women's Easy Reader Watch  ","$29.95","4.5 out of 5 stars","51,059"
"36","SAMSUNG Galaxy Watch 4 40mm Smartwatch with ECG Monitor Tracker for Health, Fitness, Running, Sleep Cycles, GPS Fall Detection, LTE, US Version, Black  ","$23.13","4.6 out of 5 stars","27,751"
"37","Garmin 010-02427-01 Venu Sq, GPS Smartwatch with Bright Touchscreen Display, Up to 6 Days of Battery Life, Light Gold and White  ","$55.00","4.4 out of 5 stars","1,155"
"38","Timex Men's Easy Reader Watch  ","$29.95","4.5 out of 5 stars","48,375"
"39","Anne Klein Women's Resin Bracelet Watch  ","$42.95","4.5 out of 5 stars","2,876"
"40","Timex x Mossy Oak Expedition Scout 43 Watch  ","$299.99","4.4 out of 5 stars","2,637"
"41","Casio Collection Unisex Adults Watch A168WA  ","$19.99","4.7 out of 5 stars","28,726"
"42","Timex Ironman Classic 30 Full-Size 38mm Watch  ","$23.99","4.5 out of 5 stars","17,443"
"43","Amazfit Band 5 Activity Fitness Tracker with Alexa Built-in, 15-Day Battery Life, Blood Oxygen, Heart Rate, Sleep & Stress Monitoring, 5 ATM Water Resistant, Fitness Watch for Men Women Kids, Black  ","$14.99","4.0 out of 5 stars","36,766"
"44","Smart Watch, Fitness Tracker with Heart Rate Monitor, Blood Oxygen, Sleep Tracking, 41mm Smartwatch 5ATM Waterproof with Pedometer for Women Men Compatible with Android iPhone iOS  ","$29.99","4.1 out of 5 stars","1,984"
"45","Mens Watches Analog Quartz Sports Unisex Watch 30M Waterproof Watches for Men Women Nurse Medical Professionals-Military Time with Second Hand Glowing Easy to Read Dial Wrist Watch  ","$25.99","4.2 out of 5 stars","1,036"
"46","Smart Watch(Answer/Make Call), 1.85"" Smartwatch for Women IP68 Waterproof, 100+ Sport Modes, Fitness Activity Tracker Heart Rate Sleep Monitor Pedometer, Smart Watches for Android iOS, Lavender Purple  ","$9.99","4.0 out of 5 stars","9,233"
"47","Men's Digital Watch, Sports Waterproof Military Watches for Men LED Casual Stopwatch Alarm Tactical Army Watch  ","$19.99","4.5 out of 5 stars","2,370"
"48","Smart Watch, Upgraded Fitness Full Touch Screen Smart Watch for iOS/Android Phones with Real Time Heart Rate Monitor, Blood Pressure/Oxygen Tracker with Smart Watches for Women Men  ","$179.99","3.4 out of 5 stars","267"
"49","1.43'' AMOLED Military Smart Watches for Men, 5ATM Waterproof/460mAh/126 Sports Modes Fitness Tracker Heart Rate Blood Pressure SpO2 Monitor Tactical Smart Watches Android iOS  ","$14.08","4.2 out of 5 stars","157"
"50","Google Pixel Watch - Android Smartwatch with Fitbit Activity Tracking - Heart Rate Tracking Watch - Matte Black Stainless Steel case with Obsidian Active band - WiFi  ","$18.75","4.2 out of 5 stars","2,424"
"51","Amazon Essentials Women's Digital Chronograph Resin Strap Watch  ","$49.92","4.1 out of 5 stars","2,875"
"52","Anne Klein Women's Bracelet Watch  ","$74.95","4.6 out of 5 stars","2,929"
"53","Smart Watch (Answer/Make Calls), 1.85"" Smart Watches for Men Women 110+ Sport Modes Fitness Tracker with Sleep Heart Rate Monitor, Pedometer, IP68 Waterproof Fitness Watch for iOS Android Gold Pink  ","$19.00","4.0 out of 5 stars","13,243"
"54","Garmin Forerunner 245, GPS Running Smartwatch with Advanced Dynamics, Slate Gray  ","$19.90","4.6 out of 5 stars","9,468"
"55","Nurse Watch for Nurse Medical Professionals Students Doctors Women Men Waterproof Watch 24 Hour Military Time Luminouse Easy to Read Dial with Second Hand  ","$34.30","4.5 out of 5 stars","252"
"56","Garmin 010-02626-10 Instinct 2, Rugged Outdoor Watch with GPS, Built for All Elements, Multi-GNSS Support, Tracback Routing and More, graphite  ","$50.00","4.6 out of 5 stars","1,716"
"57","Casio Men's W-218H-1AVCF Classic Digital Display Quartz Black Watch  ","$139.99","4.7 out of 5 stars","5,529"
"58","Fitpolo Smart Watch for Women Android & iPhone, Alexa Built-in [1.8"" HD Screen] IP68 Waterproof Fitness Watch with Bluetooth Call (Answer/Make), Heart Rate/Sleep/SpO2 Monitor, 100 Sports Trackers  ","$249.99","4.1 out of 5 stars","2,997"
"59","OLEVS Watch for Men Diamond Business Dress Analog Quartz Stainless Steel Waterproof Luminous Date Two Tone Luxury Casual Wrist Watch  ","$149.99","4.4 out of 5 stars","1,014"
"60","Casio Men's W800H-1AV Classic Sport Watch with Black Band  ","$199.99","4.6 out of 5 stars","17,889"
"61","Invicta Men's Pro Diver Collection Chronograph Watch  ","$37.80","4.6 out of 5 stars","16,910"
"62","Smart Watch for Men/Women with Bluetooth Call and Message Reminder, 1.85"" HD Touch Screen Fitness Watch, Heart Rate/Sleep/Blood Oxygen/Steps Monitor, 112+ Sport Mode, Activity Trackers for Android iOS  ","$28.92","4.3 out of 5 stars","1,627"
"63","Casio Men's G-Shock Quartz Watch with Resin Strap, Black, 20 (Model: DW5600E-1V)  ","$65.00","4.7 out of 5 stars","21,107"
"64","Invicta Men's Pro Diver Collection Coin-Edge Automatic Watch  ","$40.79","4.5 out of 5 stars","40,256"
"65","Garmin 010-02156-05 Forerunner 45, 42mm Easy-to-use GPS Running Watch with Coach Free Training Plan Support, Black  ","$68.00","4.5 out of 5 stars","7,251"
"66","CRRJU Men's Minimalist Casual Luxury Auto Date Watches Fashion Business Japan Movement Quartz Waterproof Wristwatches for Men Stainsteel Steel Band Watch  ","$21.92","4.2 out of 5 stars","1,949"
"67","CRRJU Men's Fashion Stainless Steel Watches Date Waterproof Chronograph Wristwatches,Stainsteel Steel Band Waterproof Watch  ","$29.95","4.3 out of 5 stars","7,682"
"68","BENYAR Classic Fashion Elegant Chronograph Watch Casual Sport Leather Band Mens Watches 5140L  ","$42.00","4.5 out of 5 stars","3,196"
"69","GOLDEN HOUR Watches for Kids Digital Sport Waterproof Boys Girls Watch Outdoor 12/24 H Alarm EL Backlight Stopwatch Military Child Wristwatch Ages 5-15  ","$60.00","4.3 out of 5 stars","853"
"70","ENOMIR Smart watch for Women Men with Bluetooth Call,Smartwatch with Alexa Built-in,Heart Rate SpO2 Sleep Monitor,5ATM Waterproof,Step Calorie Activity Trackers and Smartwatches for iOS&Android Phones  ","$38.98","4 Stars & Up","1,136"
"71","Smart Watches for Women, 2024 Smart Watch Android iOS Phone Compatible, Phone Call, Accept Message, Alexa, Sleep Tracker, Health Monitor, 110 Dials, Fitness Tracker with 120 Sports Modes, 1.8 Inches  ","$59.99","4.1 out of 5 stars","232"
"72","Smart Watch for Men and Women - Alexa Built-in Smartwatch with Heart Rate, Sleep and Blood Oxygen Monitor,24/7 Heart Rate Auto Image Correction, Portable Smartwatch Dynaudio Speakers (Black)  ","$79.99","4.2 out of 5 stars","408"
"73","GOLDEN HOUR Mens Watch Fashion Sleek Minimalist Quartz Analog Mesh Stainless Steel Waterproof Chronograph Watches for Men with Auto Date  ","$48.98","4.3 out of 5 stars","10,941"
"74","Invicta Men's Pro Diver Collection Chronograph Watch  ","$39.99","4.3 out of 5 stars","16,910"
"75","Amazon Essentials Women's Digital Chronograph Resin Strap Watch  ","$29.99","4.6 out of 5 stars","2,875"
"76","Amazfit GTS 2e Smart Watch for Men, Alexa Built-In, Health & Fitness Tracker with GPS, 90 Sports Modes, 14 Day Battery Life, Blood Oxygen Heart Rate Sleep Monitoring, 5 ATM Waterproof, Black  ","$49.99","4.1 out of 5 stars","3,163"
"77","Smart Watch for Men Women Fitness: (Make/Answer Call) Bluetooth Smartwatch for Android Phones iPhone Outdoor Waterproof Digital Sport Running Watches Health Tracker Heart Rate Monitor Step Counter  ","$64.90","4.0 out of 5 stars","255"
"78","Watch, Mens Watch, Minimalist Fashion Simple Wrist Watch Analog Date with Leather Strap  ","$70.86","4.6 out of 5 stars","3,152"
"79","Timex Women's Essex Ave 25mm Watch  ","$15.60","4.2 out of 5 stars","4,023"
"80","Smart Watch for Women - 1.8"" Full Touch HD Screen, 24-Hour Heart Rate, Blood Oxygen, Sleep Monitor, Alexa Built-in, IP68 Waterproof, 100 Sports Modes, Unisex  ","$19.90","4.5 out of 5 stars","5,056"
"81","Smart Watch for Men Women(Answer/Make Call),1.83"" Fitness Tracker with Blood Pressure Heart Rate Monitor,Sleep Tracker,Pedometer,123 Sport Modes, IP68 Waterproof Smartwatches for iPhone&Android  ","$49.99","4.1 out of 5 stars","85"
"82","Kids Led Pedometer Watch, Digital Steps Tracker, Non-Bluetooth, Vibrating Alarm Clock, Stopwatch, Great Gift for Children Teens Girls Boys  ","$69.99","4.3 out of 5 stars","208"
"83","1.43'' AMOLED Military Smart Watches for Men, 5ATM Waterproof/460mAh/126 Sports Modes Fitness Tracker Heart Rate Blood Pressure SpO2 Monitor Tactical Smart Watches Android iOS  ","$39.99","3.9 out of 5 stars","157"
"84","Bulova Ladies' Classic Diamond Two-Tone Gold Stainless Steel 3-Hand Calendar Date Quartz Watch  ","$27.99","4.2 out of 5 stars","141"
"85","Anne Klein Women's Bracelet Watch  ","$32.99","4.6 out of 5 stars","2,929"
"86","Casio Unisex MRW200H-2BV Neo-Display Black Watch with Resin Band  ","$38.17","4.6 out of 5 stars","2,974"
"87","Mens Watch Ultra-Thin Digital Sports Watch Waterproof Stainless Steel Fashion Wrist Watch for Men Women  ","$60.00","4.5 out of 5 stars","6,413"
"88","Fitness Tracker, 1.47"" Smart Watch with 24/7 Heart Rate Blood Oxygen Monitor,Sleep Tracker,Pedometer,IP68 Waterproof Activity Trackers for Android&iPhone Women Men  ","$49.99","4.2 out of 5 stars","77"
"89","KXAITO Men's Watches Sports Outdoor Waterproof Military Wrist Watch Date Multi Function Tactics LED Alarm Stopwatch  ","$49.99","4.6 out of 5 stars","2,320"
"90","Kids Watches Digital Sport Watch for Girls Boys, Fitness Tracker with Alarm Clock, Stopwatch, No App Waterproof Watches for Teens Students Ages 5-12  ","$78.99","4.2 out of 5 stars","1,962"
"91","Smart Watch, Bluetooth Call Smartwatch for Android and iOS Phones, Rugged 1.83"" HD Display 100+ Activity Tracker with Heart Rate/SpO2/Sleep Monitor Waterproof Outdoor Fitness Watch for Men Women  ","$16.99","3.8 out of 5 stars","40"
"92","Invicta Men's Pro Diver Quartz Watch with Stainless Steel Strap  ","$69.99","4.6 out of 5 stars","5,212"
"93","SAMSUNG Galaxy Watch 6 44mm LTE Smartwatch, Fitness Tracker, Personalized HR Zones, Advanced Sleep Coaching, Heart Monitor, BIA Sensor for Health Wellness Insights, Big Screen, US Version, Silver  ","$163.85","4.6 out of 5 stars","2,210"
"94","GOLDEN HOUR Mens Watch Fashion Sleek Minimalist Quartz Analog Mesh Stainless Steel Waterproof Chronograph Watches for Men with Auto Date  ","$325.00","4.5 out of 5 stars","10,941"
"95","Casio MQ24-1B 3-Hand Analog Water Resistant Watch  ","$30.25","4.3 out of 5 stars","938"
"96","Blood Pressure Watches, Smart Watch for Men,Gifts for Him, Receive/Dial Call Waterproof Blood Pressure Watch Fitness Tracker with Heart Rate Oxygen Sleep Monitor Christmas Watch for Husband Dad  ","$65.00","4.3 out of 5 stars","135"
"97","Smart Watch (Answer/Make Calls), 2024 Newest 1.85 Inch Fitness Tracker, Heart Rate/Sleep Monitor/Pedometer/Calories, Multiple Sports Modes, Waterproof Women's Men's Fitness Watch for Android iPhone  ","$19.92","4.0 out of 5 stars","3,627"
"98","Fq-005 Classic Style Gold Stainless Steel Mens Wrist Watches with Crystals for Man  ","$29.95","3.9 out of 5 stars","1,978"
"99","GOLDEN HOUR Mens Watch Fashion Sleek Minimalist Quartz Analog Mesh Stainless Steel Waterproof Chronograph Watches for Men with Auto Date  ","$23.99","4.3 out of 5 stars","10,941"
"100","GOLDEN HOUR Fashion Business Mens Watches with Stainless Steel Waterproof Chronograph Quartz Watch for Men, Auto Date  ","$49.99","4.3 out of 5 stars","11,917"
